Peptide,002-00001 v3,002-00005 v3,002-00007 v3,002-00014 v3,002-00031 v3,002-00036 v3,002-00037 v3,002-00040 v3,004-00003 v2,004-00006 v3,004-00008 v3,004-00009 v3,004-00016 v3,004-00017 v2,004-00024 v3,004-00025 v3,002-00003 v3,002-00008 v3,002-00012 v3,002-00016 v3,002-00018 v3,002-00021 v4,002-00022 v4,002-00024 v2,002-00028 v4,002-00029 v3,002-00035 v3,004-00012 v2,004-00022 v3,004-00028 v2,004-00030 v2
Peptide_001,1978.00,1686.33,2325.50,2055.67,1248.00,3043.33,1218.00,4136.00,6294.67,4087.33,1962.00,3787.33,2253.00,880.33,3677.00,2258.67,2855.67,2054.33,1567.67,793.67,1992.00,286.00,1502.33,1865.67,1111.33,1729.00,1226.33,2654.33,1959.00,1327.00,2523.67
Peptide_002,2011.78,2106.11,3117.11,1897.11,1185.44,4741.44,1413.44,5012.11,7628.78,4305.11,2201.78,4562.44,2338.78,870.78,4233.78,2422.44,3080.11,2026.11,1882.44,742.11,2007.44,322.44,1470.44,1772.78,1164.44,1833.44,1310.11,2788.11,2348.78,1681.11,2744.11
Peptide_003,1878.44,1764.44,2958.44,2005.11,1268.78,3226.11,1244.78,4055.11,6125.44,4138.44,2112.11,4361.11,2724.11,855.78,3502.11,2418.78,3172.11,1919.78,1947.78,815.78,1841.11,305.11,1164.11,1578.44,1211.78,1860.11,1256.11,2368.78,3184.44,958.44,2607.11
Peptide_004,1983.61,2027.28,2798.28,1742.94,1163.28,2577.94,1232.94,3313.94,4887.94,4874.94,2252.94,4619.61,3704.61,930.61,5004.28,2396.61,3029.61,1813.94,1840.28,783.28,1891.94,327.61,2039.28,2353.28,1266.94,1862.61,1318.28,3686.28,3644.28,1716.94,3566.61
Peptide_005,2628.72,2801.72,4240.39,2395.72,1582.06,9814.06,1957.39,7496.06,12404.72,5169.72,2838.06,5812.39,2755.39,1166.39,5589.06,2547.72,4509.72,2957.72,2930.72,935.39,2259.39,440.39,2939.39,1967.39,1517.39,2482.06,1793.39,3508.06,4655.72,1660.39,3804.06
Peptide_006,855.94,887.61,1512.94,1081.28,632.28,1029.28,620.28,1671.94,2239.28,2059.61,1057.28,2364.28,977.28,376.28,1672.61,1232.61,1547.94,1113.28,1394.94,426.28,857.94,188.61,951.94,883.44,648.28,940.61,636.94,1193.28,1805.94,389.28,1025.61
Peptide_007,1679.44,1000.44,2098.44,1585.44,848.44,1260.11,1109.44,2956.11,3263.11,3467.78,1502.44,3217.44,1065.44,415.44,1606.11,1354.44,2029.11,1437.78,3083.44,564.11,1154.44,252.78,1881.11,1536.44,1187.11,2708.11,740.44,1441.11,1811.11,577.44,1378.44
Peptide_008,3102.72,1562.39,3022.72,2593.39,1122.39,1644.06,1783.39,4943.39,3940.06,6909.39,1991.06,3907.06,1602.72,759.06,1905.39,2159.06,2777.72,1975.72,3221.06,844.39,1978.39,219.06,5403.72,2147.89,1901.06,3309.39,908.39,3045.06,2276.39,1535.06,3416.39
Peptide_009,2552.22,2094.56,4019.56,2508.56,1459.89,1774.56,1560.89,3709.56,5598.89,6166.89,2712.89,5665.56,3627.22,1334.89,5903.22,3334.89,3394.56,2532.22,3542.89,1190.56,2362.22,351.22,2386.89,2438.22,1496.89,2675.89,1305.22,3388.56,3955.22,7278.06,2988.56
Peptide_010,2018.94,1330.61,2368.28,2038.94,976.61,1365.28,1029.61,3913.28,3695.28,3331.28,1871.61,4007.94,1249.61,484.94,1611.28,1451.61,2368.28,1913.94,3036.28,612.61,1323.61,209.61,1748.94,1474.61,1283.61,2232.94,773.61,1819.28,1787.28,672.28,1551.61
Peptide_011,1516.00,1509.33,2534.33,1754.33,970.00,1521.67,888.33,2875.00,3589.67,2999.33,1698.67,3637.00,1257.33,495.00,2070.00,1524.33,2610.00,1907.67,2156.00,666.67,1423.67,237.33,1058.67,1725.33,933.00,1604.00,904.00,1824.67,2329.67,447.00,1604.67
Peptide_012,2086.28,1317.28,3241.28,2185.94,998.61,1614.61,1139.28,3448.61,4080.61,4253.61,2143.94,3712.28,1129.28,501.61,1730.28,1494.28,2956.61,2023.28,3760.28,629.28,1386.94,251.28,1794.28,1265.61,1278.28,2855.28,884.94,1728.28,2417.94,563.61,1312.61
Peptide_013,1581.28,1240.28,2070.61,1630.94,829.28,1244.28,1075.94,3038.94,3684.61,3617.28,1708.94,3473.28,1156.28,455.94,1879.61,1331.61,1999.61,1391.61,1944.61,559.28,1271.61,238.94,1822.61,1590.28,1341.94,1816.28,801.28,1608.28,883.61,754.61,1432.28
Peptide_014,5159.61,4632.28,6824.61,3920.61,2341.61,6206.61,2822.61,8424.94,16389.28,12804.28,6110.61,10763.94,9037.94,2548.28,15632.94,7436.94,5756.61,4977.94,4286.28,1907.28,4488.61,731.61,2899.94,3577.44,2602.28,4462.94,2642.28,7765.28,7637.94,10447.61,6400.28
Peptide_015,3322.11,3455.78,7177.78,3728.44,2219.44,2050.44,2062.78,3673.11,7689.78,6747.44,3737.44,7806.44,3285.11,1136.11,2921.11,3438.78,7768.11,4717.11,6180.78,1131.44,3177.44,307.11,1609.44,2585.94,1816.44,5763.44,1755.44,2971.78,4405.11,1790.11,2782.11
Peptide_016,1818.22,2011.22,3583.89,1937.22,1237.22,6716.56,1303.56,5620.56,8428.89,3762.89,2184.56,5215.89,2330.22,993.89,4269.56,2616.22,3457.56,2323.56,2666.22,851.22,1677.89,446.56,1991.22,2019.06,1116.56,1984.22,1250.22,2558.56,4683.56,1302.89,2766.56
Peptide_017,1694.89,1757.56,3541.89,2134.56,1432.56,2788.22,1299.22,3715.22,5597.56,4300.89,2206.22,4739.89,2725.22,1008.89,3274.89,2786.89,3347.56,2251.22,2545.22,876.22,1891.56,307.89,1354.89,1625.89,1247.22,2018.22,1325.22,2582.89,3641.89,1067.56,2750.89
Peptide_018,2116.33,2300.00,4222.33,2121.00,1575.33,3154.00,1569.67,3800.67,6076.33,5266.33,2829.33,5691.00,2710.00,994.00,4642.33,2870.00,4146.67,2823.00,3013.33,903.00,1946.67,460.33,1708.67,3023.33,1337.00,2237.00,1556.33,2716.33,3955.00,1795.33,3694.33
Peptide_019,1773.22,1976.22,3544.56,2060.22,1368.56,2685.56,1193.56,3553.89,5836.22,4405.56,2275.89,4733.89,2878.89,1101.22,3806.06,2867.89,3473.89,2352.56,2665.22,990.89,1893.56,269.56,1196.56,2855.89,1194.89,1937.56,1323.22,2426.06,4148.89,1375.56,3257.89
Peptide_020,2845.56,2791.89,4418.56,2371.56,1528.89,3816.56,1880.56,4710.89,7454.89,8170.22,3303.89,6422.22,4350.22,1292.89,7329.56,3388.89,4167.22,2668.89,2932.56,1214.22,2873.22,374.22,2552.89,2744.89,1624.22,2345.89,1463.56,3833.56,4943.89,2522.22,4688.89
Peptide_021,2497.33,2869.33,3463.67,1643.67,922.00,4615.33,1591.33,8434.33,10307.00,5859.33,2276.33,4265.33,1885.33,858.00,3804.00,3014.33,2365.00,2334.33,1959.67,861.33,1862.00,358.33,1625.33,1953.00,1154.00,1294.33,1231.00,2570.33,2676.67,1674.00,1916.00
Peptide_022,790.28,411.61,782.28,517.28,301.11,574.28,629.94,1831.28,1382.94,2043.94,887.28,2293.61,474.94,161.11,3695.28,689.94,666.61,653.94,1738.28,363.28,644.61,147.61,630.28,501.94,704.61,1410.28,346.28,811.61,1101.94,238.28,403.28
Peptide_023,1558.44,1292.11,2891.11,1833.11,1111.11,1383.11,1058.78,2856.78,4455.11,3817.11,2087.44,3812.44,1648.11,644.44,1941.11,1846.44,2810.44,2040.44,2792.44,754.11,1468.11,231.78,1106.11,1682.78,1084.44,2103.78,936.78,2341.11,2336.11,699.44,1594.78
Peptide_024,2940.86,3667.86,3494.86,2802.86,1351.19,4839.19,801.86,9764.86,10994.86,7435.19,2582.86,7424.19,5461.53,1369.53,3759.36,2063.19,5395.53,2827.86,2428.53,1356.19,3966.53,485.53,1912.86,2590.19,1941.19,2650.53,1761.19,5035.53,5483.19,5083.86,7929.53
Peptide_025,3071.83,2598.17,4102.17,2628.17,1424.17,4485.50,1796.83,5602.50,8483.17,6944.17,3482.17,8120.17,3760.83,1132.50,7860.83,3130.17,4378.50,2453.50,2110.83,1174.50,3815.83,319.50,1713.17,1990.33,1851.83,2677.17,1815.17,3340.83,2432.83,1248.83,4785.50
Peptide_026,4772.94,4945.28,6253.28,2939.94,2089.61,7591.94,2608.61,8472.94,14961.94,14062.28,6230.61,14885.61,8175.94,1981.28,17980.28,4784.94,5990.28,3231.28,2829.61,1798.94,6043.61,753.61,2632.61,2838.78,3670.61,4742.94,3070.61,6194.28,7343.94,4235.28,12043.61
Peptide_027,6440.36,7140.36,8445.03,3196.36,2295.03,7014.03,2199.03,8939.03,13467.69,12709.03,4692.36,16069.36,7737.03,1662.03,14409.69,2660.03,7390.36,2585.69,2622.69,2071.03,6910.69,867.03,2519.03,4029.03,4543.03,5149.36,3113.69,4816.03,5561.03,2885.03,10590.03
Peptide_028,3343.72,1632.72,6149.06,3098.72,1687.39,1982.39,1809.06,4845.72,6758.06,5346.39,3693.39,7540.72,2486.06,737.72,2590.06,2609.39,5413.39,3610.39,6055.39,1127.39,3208.06,312.06,1604.72,3500.72,1741.39,4392.72,1704.72,2877.06,1959.39,603.39,1358.06
Peptide_029,3123.06,2614.72,8622.06,4543.72,1839.39,2060.06,2089.39,3540.72,7019.39,6105.72,4464.39,8333.72,4291.06,1515.72,3126.72,4432.39,8442.72,4897.72,6803.06,1390.06,3256.06,278.72,1841.39,5208.39,1759.39,4938.72,1936.39,3317.06,5867.39,1397.72,4905.39
Peptide_030,2058.50,2361.83,4156.83,2219.50,1423.50,2702.50,1426.83,3562.83,6123.17,4755.17,2516.83,5524.83,3340.50,1224.17,4835.00,3227.83,3403.83,2546.17,2691.83,1017.50,2147.17,325.50,1236.83,1986.50,1175.17,2392.17,1507.17,2802.17,4744.17,2102.17,3461.50
Peptide_031,4357.28,4698.61,4628.61,2859.94,1828.94,9172.94,2251.94,9564.94,16570.61,10661.28,5080.61,11426.28,8529.28,1741.61,18169.61,4552.94,5587.94,3063.28,2683.94,1297.61,5215.28,513.94,1829.94,2619.11,2420.28,3669.28,2679.94,6057.61,9386.61,5171.94,10391.94
Peptide_032,4392.17,4226.83,5778.17,2381.50,1510.83,5559.17,2179.50,7261.17,11528.50,11678.50,4732.83,11571.17,6884.83,1495.83,14702.50,3583.83,5370.83,2725.17,2785.50,1190.83,4593.17,754.17,3197.50,2261.00,2761.83,3043.17,2317.50,5967.83,5825.17,4085.50,8367.17
Peptide_033,3564.25,2805.92,4840.92,1984.58,548.92,12654.92,2240.92,13321.58,20622.58,9902.25,2639.25,7979.25,5578.58,847.25,13082.25,4146.25,3971.92,2148.25,1338.58,-85.75,3733.25,-313.75,2442.25,3525.25,920.58,1395.92,1243.25,4149.92,4330.25,2019.58,4663.25
Peptide_034,4490.06,2874.72,4663.72,1998.72,1032.06,8576.39,2601.72,7924.39,11431.72,11657.72,3166.72,8921.06,5299.72,1356.72,10531.39,3826.39,4305.72,2265.72,2099.06,663.06,3692.72,511.39,5183.72,3359.39,1863.39,1914.72,1726.39,4368.06,4886.06,2255.06,5253.06
Peptide_035,2725.39,3334.39,4654.72,2719.39,1449.72,6324.39,1573.39,7970.39,11615.72,6463.06,3062.06,6915.72,5282.72,1310.06,9986.39,3702.72,4566.39,2804.06,2474.72,1115.06,3187.06,336.39,1512.39,3194.39,1486.72,2355.06,1746.72,4111.72,5800.72,4067.39,6721.39
Peptide_036,2947.11,2367.78,4137.44,2265.78,304.44,10528.11,1730.11,13653.78,19117.11,8322.78,2664.11,6469.11,5597.44,861.11,11417.44,4395.78,3967.44,1906.78,1196.78,-189.89,2942.78,-424.22,1728.11,3383.44,774.11,1340.78,931.44,4965.11,4789.78,2650.11,4657.44
Peptide_037,3355.56,3179.56,4904.89,2363.56,925.56,12402.89,2201.22,15456.22,24046.56,12461.22,4223.56,8703.56,7480.22,1118.22,16040.22,4675.56,4983.22,2484.22,1324.22,400.56,3883.22,124.89,2200.22,2641.39,1610.56,1966.56,1758.56,5965.22,4286.39,5235.89,7159.22
Peptide_038,3316.78,3538.11,4877.78,2491.44,1546.11,9657.44,2357.11,9097.78,15826.78,9290.11,4062.44,8567.78,8302.44,1543.44,15544.44,4433.78,4909.11,2764.44,1904.78,913.78,3581.11,436.11,2688.44,4016.11,1814.78,2771.78,2184.44,5701.78,6014.61,5707.11,8704.44
Peptide_039,3162.00,3726.00,4954.33,2422.67,1620.00,5371.00,2053.67,5330.67,8857.00,8674.00,3828.00,8440.67,7221.33,1544.67,13486.00,4002.67,4514.33,2650.67,2055.33,1034.67,3037.33,546.33,3240.00,3656.33,1935.33,2705.67,2028.33,5407.67,10599.67,4601.33,8524.67
Peptide_040,3233.39,4223.72,3765.72,2459.72,1901.06,4826.39,1940.06,5212.06,9260.06,9584.06,3764.39,7902.06,7548.72,1735.72,13819.39,4334.39,4771.06,2600.06,2119.72,1256.72,3145.72,509.39,2591.39,3605.72,2003.72,2987.39,2209.39,5268.72,6290.72,5573.72,8376.39
Peptide_041,2083.61,1612.28,3845.28,1998.28,1600.61,1736.61,1451.61,3260.28,5915.94,5365.94,2941.61,5818.94,3051.94,1055.61,4098.61,2903.28,3238.28,2573.61,3291.28,1059.94,1968.94,286.61,1411.61,2591.28,1500.94,2214.61,1423.94,2786.28,3817.94,1335.94,2961.94
Peptide_042,3035.11,2478.11,6058.78,3054.11,1897.44,2159.44,1898.44,3944.44,7741.44,6462.44,3854.44,7931.78,3337.11,1227.44,3905.11,4058.11,5398.78,3356.78,5267.78,1256.11,2926.44,318.44,1571.44,2493.94,1566.78,3901.78,1730.78,3160.11,5392.44,1195.44,3102.78
Peptide_043,2961.94,1631.28,4532.94,2371.61,1583.94,1861.61,1789.61,4582.28,7846.28,5840.28,2881.94,6409.28,2021.28,733.28,2112.28,2289.94,3882.94,2682.61,5304.28,1026.61,2225.28,275.61,1556.61,2789.61,1501.61,3101.28,1382.94,2638.61,2541.61,1396.94,1303.28
Peptide_044,4345.50,4169.83,7197.83,3888.50,2382.50,3303.17,2235.50,5840.50,10611.17,9495.17,4645.50,9994.50,4346.50,1588.50,6042.17,4299.50,7473.50,4182.17,6221.17,1787.17,4691.17,381.83,2844.83,4258.50,2036.50,4717.50,2189.17,3964.50,5315.50,4446.50,4463.83
Peptide_045,4337.39,5226.39,6965.72,3484.06,2142.06,11594.39,2730.06,12565.06,26011.39,12813.39,5194.72,11149.39,7621.72,2168.06,17799.06,7207.06,5928.06,4281.72,3667.72,1812.06,5118.06,561.06,2513.06,3427.22,2062.39,3648.06,2756.72,5821.39,8368.72,8913.06,7834.06
Peptide_046,5294.08,5272.08,7447.42,3184.08,1384.75,19237.08,2831.75,20155.08,40540.75,16662.75,6025.08,14244.08,11905.75,1602.08,25914.42,6918.42,7144.75,3546.75,2180.42,597.08,5778.42,86.08,2759.75,5454.08,2033.42,3366.08,2540.42,8514.08,10100.75,8832.42,12979.75
Peptide_047,4378.28,4930.28,6368.61,3250.61,1677.28,14125.94,2529.61,14025.28,25583.94,13307.94,5412.28,12334.28,10822.61,2116.28,22144.61,5712.61,6512.28,3548.28,2430.94,1041.61,5321.28,294.94,2028.61,4879.61,2275.94,3195.28,2362.61,7376.94,10729.94,7181.28,12323.94
Peptide_048,1929.06,2024.72,3109.39,2094.72,1310.39,3499.72,1483.06,4271.06,6467.39,4571.72,2288.06,4968.06,3221.72,931.72,5201.39,2637.72,3058.72,2054.72,1990.06,888.39,2296.39,299.72,1462.06,1985.22,1265.39,1826.39,1312.72,2729.72,2941.22,1976.06,3422.06
Peptide_049,2653.06,2786.06,3657.06,2106.06,1341.72,5695.39,1918.39,5915.06,9390.72,7103.72,3207.06,6749.39,6567.72,1255.39,10670.06,3182.72,3654.39,1997.06,1631.72,889.06,2952.06,472.06,2245.72,2931.72,1753.72,2119.72,1743.06,4679.72,8032.39,3530.06,6421.39
Peptide_050,1583.33,2230.67,2663.33,1608.00,747.33,1403.00,1029.00,2150.67,3296.67,4628.67,1917.67,3413.33,2276.67,739.67,5160.33,2013.67,2386.33,1307.67,1255.67,607.33,1446.00,269.67,4029.67,2016.00,1096.33,1323.00,997.33,3712.67,4413.50,1719.67,2442.00
Peptide_051,2523.67,2729.00,4466.67,2074.33,1540.00,3162.67,1145.83,4207.67,7624.67,6426.00,3438.33,6332.33,2990.33,1236.00,6150.00,3386.67,3567.33,2847.00,3579.33,968.83,2428.67,404.67,2412.67,2819.67,1710.67,2636.67,1519.00,3606.00,4368.83,3541.00,2477.00
Peptide_052,2177.17,1656.50,4245.50,2395.50,1552.17,1607.17,991.50,2802.50,5068.17,4157.17,2420.83,5134.50,2732.83,919.17,2569.17,2604.50,3643.17,2553.17,3826.17,981.50,1887.83,288.50,1234.83,1834.00,1312.83,2882.83,1227.50,2505.50,3279.17,768.50,2122.83
Peptide_053,2256.39,1703.72,4520.72,2576.06,1630.39,1547.39,1491.06,2961.39,5497.39,4503.06,2821.72,5656.39,2799.39,959.72,2721.06,2946.72,3914.39,2954.06,4367.39,1072.39,1954.39,259.39,1346.39,1848.89,1305.06,3169.72,1245.39,2665.72,3467.39,658.39,2377.72
Peptide_054,1774.33,1154.33,3579.33,1737.33,1063.00,1422.67,811.17,3258.33,4240.67,3819.67,2255.67,4818.67,1338.67,483.00,1655.33,1910.67,2688.00,2088.67,3922.00,649.00,1445.33,219.00,1213.33,1053.17,1166.00,3024.33,941.67,1645.33,1825.33,409.67,1313.33
Peptide_055,2769.39,2652.72,4555.06,2361.06,1490.39,6826.39,1738.72,7287.72,13219.06,60081.39,3288.72,6368.39,2947.72,962.72,5867.72,3476.06,3730.06,2828.39,2896.72,1016.39,3209.39,376.72,1476.72,1980.89,1439.72,2716.06,1719.72,2731.39,4273.72,1806.39,3153.06
Peptide_056,3781.72,4178.39,5641.39,2592.39,1562.72,8235.06,2263.39,9192.06,19181.06,48343.06,4143.39,8332.39,5128.72,1616.06,10643.39,5402.72,4357.39,3515.39,3446.06,1267.06,3977.39,423.39,1827.39,2307.56,1830.06,3150.72,2001.72,4033.39,5333.72,4169.39,4336.72
Peptide_057,3903.75,5371.42,6084.75,2987.42,1311.42,11781.42,2368.08,12607.75,30068.08,11206.42,3738.75,6538.75,6674.75,2090.08,12721.42,6679.08,6788.75,3755.08,2923.75,877.42,3970.08,301.75,3044.42,3749.75,4083.75,2308.08,1998.42,5332.75,6272.75,7035.08,5231.42
Peptide_058,4137.67,4411.00,5663.33,2973.33,1656.67,5894.00,2315.67,8641.67,17266.00,9532.33,4184.67,7662.00,4453.00,1796.00,6361.33,5924.00,4568.33,4084.00,4199.33,1410.33,3722.67,437.00,2555.33,3521.33,1914.00,2901.00,1907.00,4062.67,7058.67,5196.33,3222.33
Peptide_059,3179.61,2928.94,4295.61,2739.94,1383.94,3815.61,1665.28,5875.28,10463.28,7662.28,3044.28,6392.94,3836.28,1426.94,6973.94,4011.94,3937.28,2948.94,2749.94,1222.94,3048.28,341.61,3376.28,2920.94,1519.61,2402.28,1478.94,4161.61,4728.61,2524.61,3555.61
Peptide_060,3484.06,3182.06,5311.06,3119.06,2038.39,2880.72,2062.72,4977.06,8874.72,7203.39,4013.39,7759.72,3936.06,1658.06,6232.39,4226.72,4822.06,3146.72,4102.72,1398.39,3904.39,335.39,2548.39,2953.39,1837.39,3280.39,1883.72,3422.39,5030.72,2044.39,4075.06
Peptide_061,4659.17,3687.83,5532.83,3367.83,2282.83,3341.50,2211.17,5128.17,9571.17,10398.83,5455.17,11324.50,6633.83,1900.83,14883.83,4398.83,6619.83,3526.83,4239.83,1884.83,4926.83,459.17,2365.17,2905.00,2928.50,5508.50,2257.83,5220.50,6467.50,4701.50,10359.17
Peptide_062,1419.56,980.22,2363.56,1527.22,912.22,1386.89,545.72,2486.89,3626.89,3268.22,1743.89,3817.56,1678.89,550.22,2257.22,1780.22,2325.22,1489.22,1812.56,641.89,1274.89,239.89,1080.89,882.22,1073.22,1479.22,837.89,1854.56,2207.56,360.56,1624.22
Peptide_063,2299.78,1297.44,2429.11,1775.11,850.78,960.78,1037.11,2499.11,3548.78,3458.78,1180.78,2960.11,1881.78,641.11,1647.11,910.11,3122.78,1213.44,2354.78,732.78,1574.11,337.44,2416.44,1357.11,1439.78,1835.11,816.44,1562.78,1371.78,1168.78,1835.78
Peptide_064,8048.69,8725.03,8343.69,6585.03,4334.03,7547.03,4644.36,9212.03,13712.03,9017.03,3242.36,6097.03,8746.69,7265.36,8446.69,6846.69,6233.19,3903.69,5877.03,2295.03,6668.03,1367.03,6315.69,6423.36,4131.69,3516.19,3352.03,7978.69,8793.36,16192.03,9354.36
Peptide_065,5799.83,7121.50,8314.50,4134.50,2381.17,25305.50,3938.50,25219.50,45146.83,12034.50,4458.50,8712.17,13492.17,6350.17,25321.17,9939.83,8261.50,3900.83,3463.83,-75.50,7983.17,113.83,2942.83,6011.50,2779.83,4395.83,2789.17,11983.83,11746.50,16708.83,14331.17
Peptide_066,3618.06,4214.72,5697.06,3122.39,2092.06,3730.06,2174.06,4658.06,9004.72,8794.39,4188.72,8543.06,5996.39,1717.72,11267.06,4386.72,5694.06,3542.72,3904.72,1405.72,4253.39,379.06,1720.06,3679.39,2138.72,3832.72,2104.72,4392.06,6874.72,3626.06,7729.39
Peptide_067,1962.28,2108.28,3553.61,2100.61,1346.28,2699.28,1283.28,3611.61,5726.28,4268.28,2205.94,4728.28,3361.28,1093.28,4379.94,2874.61,3433.61,2071.94,2467.61,848.28,2104.61,267.94,1077.94,1624.94,1173.28,2071.28,1272.61,2895.61,4749.94,1856.28,3396.94
Peptide_068,2086.42,2042.75,3952.08,2408.42,1582.08,2286.75,1543.75,3305.75,5815.42,4277.08,2403.75,5361.75,3534.08,1217.42,3859.75,3099.08,3723.08,2437.75,3218.08,1048.75,2037.08,315.75,1382.08,2684.08,1214.42,2446.75,1351.08,3149.08,5190.75,1711.75,4061.42
Peptide_069,2204.06,2158.06,4030.72,2339.39,1544.06,2457.72,1500.06,3564.06,6024.72,5263.72,2724.72,6132.39,3687.06,1244.06,4443.72,3502.06,3947.39,2568.06,3200.39,1096.39,2210.06,297.06,1319.39,2663.39,1261.06,2680.72,1447.72,3065.06,5057.06,1360.39,3846.06
Peptide_070,2256.94,2337.94,8298.61,2294.28,1457.61,2989.94,1086.78,4275.94,7370.94,5946.61,3130.61,6298.28,4362.61,1358.94,4287.94,4107.61,3775.28,2956.94,3386.28,1082.61,2307.28,372.94,1420.94,2696.28,1311.61,2361.61,1410.28,3213.94,5123.28,1575.94,3079.94
Peptide_071,2984.94,2986.94,5547.61,3549.28,1828.94,3263.94,1777.61,4618.94,8337.94,6560.61,3635.28,7770.28,4665.94,1643.28,5839.94,4377.94,5852.61,3846.28,4263.61,1420.28,2940.28,392.94,1493.28,3812.61,1547.94,3195.94,1784.28,3171.94,5880.94,2822.28,5057.28
Peptide_072,2601.50,2153.17,4012.83,2990.83,1751.17,2858.50,1673.50,4357.50,7818.83,5168.83,3210.83,6513.17,3659.83,1272.83,3609.50,3710.50,4604.17,2772.83,3357.17,1248.83,2923.50,315.50,1655.50,2463.17,1551.83,2423.83,1404.83,3108.83,4541.83,1927.83,3948.83
Peptide_073,2453.11,3025.78,3503.11,2461.78,1500.44,7881.11,2038.78,6070.78,12669.11,6584.44,3035.11,7841.44,5292.11,1316.78,8850.44,3772.11,3710.11,2352.78,1922.44,1192.44,3176.44,558.44,1543.44,3530.11,1449.78,2486.78,2051.44,3738.44,6015.78,3489.11,5210.11
Peptide_074,1957.06,2062.39,3277.39,2053.72,1349.06,3149.72,1270.06,3993.72,6812.39,4547.06,2291.72,5084.06,3154.72,1051.39,4648.39,2851.39,3226.06,2034.39,2121.72,982.39,2189.39,300.06,1218.06,2552.72,1238.39,2094.72,1357.39,2783.06,4508.72,1688.39,3602.72
Peptide_075,1813.33,2336.67,3173.00,1983.00,1385.33,3323.00,1226.33,4182.67,7037.67,4518.00,2229.00,4511.67,3469.00,1149.33,5391.00,2672.33,3202.00,1745.33,1977.33,955.67,2021.33,315.33,1147.33,2672.00,1145.00,1979.00,1365.67,2663.00,5154.33,1858.00,3239.00
Peptide_076,2327.94,2788.61,3739.61,2171.28,1584.94,4167.61,1646.28,4293.94,7383.61,5381.28,2473.28,5348.28,4531.61,1275.28,7593.28,3189.94,3681.61,2259.94,2501.61,1203.28,3001.94,388.94,1358.94,2836.28,1361.28,2491.94,1660.28,3234.94,6856.61,2564.94,5049.28
Peptide_077,2479.89,2665.56,3423.56,1947.56,49505.22,2027.56,1522.22,3405.56,6060.56,5981.56,3349.56,6586.89,8016.22,1254.22,7811.56,3177.22,4127.56,2535.89,3011.22,1073.22,3294.56,322.56,1331.56,1642.22,1637.89,2756.56,1662.89,3462.22,9226.89,1386.56,4779.56
Peptide_078,1711.78,1516.44,2582.78,1724.78,8808.78,2513.78,1139.44,3928.44,5646.11,3583.44,2005.11,3864.44,1606.11,569.78,2192.44,2141.11,2332.78,2119.11,2502.78,645.78,1513.44,245.78,1215.44,960.11,1185.78,1755.44,923.11,1738.78,2320.11,530.11,1405.44
Peptide_079,3009.64,3753.31,4215.64,2396.31,1556.97,14087.64,1863.64,13547.31,22739.31,6734.64,3083.64,6819.97,6954.31,1259.97,11234.64,3609.97,4780.64,2974.97,2068.64,790.97,3458.31,294.64,1401.64,3180.64,1428.64,2515.31,1820.97,4209.97,6721.31,3913.31,6070.31
Peptide_080,2007.06,2542.06,3237.06,2079.39,1291.72,4737.06,1413.39,5489.06,8445.72,4747.06,2181.72,5433.72,3518.72,1059.06,5522.06,2897.39,3262.06,2274.39,2197.06,828.39,2227.39,341.39,1180.06,1773.39,1136.72,1896.06,1281.06,3156.06,4721.72,1962.39,3359.06
Peptide_081,2665.94,2976.28,4080.61,2205.61,1275.94,7014.94,2051.61,9025.61,14892.94,5631.94,2682.28,6557.28,4176.28,1101.61,7020.94,3193.61,4096.94,2558.28,2259.61,853.61,3066.61,338.94,1560.28,2061.28,1223.94,2059.28,1718.94,3466.61,4684.28,2943.61,3731.94
Peptide_082,2156.78,2436.78,3770.11,2355.11,1384.44,2659.78,1512.78,4169.11,6531.44,4652.44,2438.78,5632.78,3344.44,1193.78,4855.44,3257.11,3619.11,2205.44,2371.78,1052.78,2437.44,306.44,1213.11,2741.78,1196.78,2123.11,1388.78,3220.11,5042.44,1995.78,3399.78
Peptide_083,2701.06,2455.72,4794.06,2985.06,1660.39,1827.72,1559.39,3455.72,6492.06,5187.06,3188.06,6794.06,3373.72,1273.72,3772.06,3399.39,4602.06,3667.72,4260.39,1267.06,2421.06,584.06,1513.39,3366.72,1382.72,3291.72,1445.72,3176.39,4711.39,1531.72,3852.72
Peptide_084,2087.39,1463.72,2883.06,2238.06,1493.72,1621.06,1397.72,3387.39,6163.72,4768.06,2776.72,5234.39,3004.72,1017.39,2659.39,2764.06,3230.39,1931.06,2806.39,1069.06,2086.72,256.39,1476.72,2522.39,1381.72,2489.72,1307.39,2586.06,3343.39,1278.06,2535.72
Peptide_085,2911.28,2981.61,3792.61,2551.61,1625.28,5178.28,1935.28,5780.28,10356.94,7948.94,3678.61,8796.94,5105.94,1415.61,8906.28,3654.61,4741.61,2634.61,2777.28,1247.28,3627.61,362.94,2298.61,2491.28,1860.61,3323.28,2136.94,3760.94,4930.61,3754.28,5816.61
Peptide_086,3345.78,4497.44,5495.11,3001.44,2184.44,4677.11,2306.44,5302.11,10626.11,11356.44,5035.11,9960.78,8133.78,1978.11,15997.78,4012.44,5792.78,3257.44,2923.44,1566.78,4359.11,493.11,1996.44,3936.78,2789.78,4624.11,2474.11,5270.11,8515.78,5255.11,9730.78
Peptide_087,1828.56,1939.22,2872.89,1911.56,1307.56,3724.22,1258.89,4476.89,6823.22,3977.89,1992.56,4680.89,2606.56,893.22,4043.89,2589.89,2773.89,1860.89,2305.56,802.89,1995.22,360.22,1328.22,2331.89,1206.56,1848.89,1219.56,2556.89,3943.22,1220.56,2735.22
Peptide_088,1842.72,1948.72,2686.06,1663.39,1110.72,2152.39,1089.06,3108.06,4868.72,4147.39,2070.39,4478.06,2505.72,717.72,3850.06,2240.72,2604.39,1734.06,1973.06,813.72,1767.06,285.39,2267.06,1371.89,1213.72,1841.72,1186.72,2773.06,3208.06,1119.06,2578.72
Peptide_089,2274.94,2151.61,3584.61,2234.61,1489.94,2423.94,1337.28,3560.61,5936.28,4462.94,2577.28,4960.61,3094.94,1024.28,4111.28,2949.61,3925.94,2538.94,3120.61,1012.61,2159.28,263.61,1373.94,1645.94,1343.28,2399.61,1314.94,2898.94,3828.28,1655.28,2509.94
Peptide_090,2912.00,3486.00,4289.33,2562.33,1613.33,4996.33,2096.67,5769.00,11235.00,7440.33,3411.33,7138.67,6056.67,1630.00,12468.67,4330.00,4731.00,3225.00,3275.00,1261.33,3157.67,338.67,1466.67,2253.00,1574.33,3219.00,1684.67,4332.67,6514.33,5592.00,4186.33
Peptide_091,1842.50,1375.17,3042.50,2146.17,1233.17,1496.50,1185.83,2740.50,4381.50,3897.17,2223.83,4684.17,1707.50,577.50,2306.83,1898.83,3215.50,2231.83,3001.50,779.17,1618.17,250.17,1119.50,1286.00,1209.83,2255.50,1038.83,2410.83,2637.17,691.83,1846.50
Peptide_092,3800.00,3820.33,4989.00,2787.00,1888.33,4682.33,2051.33,6126.00,9167.33,8162.67,3920.67,9799.67,5642.33,1515.67,10995.33,3565.00,5088.33,2964.00,10647.00,1321.33,3957.33,425.00,1818.67,3396.67,2070.33,3034.00,1953.00,4606.33,6467.33,2842.00,7885.00
Peptide_093,1276.39,741.39,5198.06,838.06,796.06,875.39,738.06,2044.39,2231.06,3125.72,1453.06,2819.06,1017.72,300.39,2529.72,667.06,1147.39,996.39,1434.39,408.72,961.72,172.72,1110.39,814.06,1801.39,1257.39,612.72,1104.06,5799.06,470.39,1039.39
Peptide_094,1669.78,1580.44,3083.11,2050.78,1137.44,1706.11,718.11,3081.11,4439.78,3655.11,1950.11,4471.78,2005.11,735.44,2616.11,2105.44,3271.44,2195.11,2558.11,815.78,1740.44,290.11,1176.78,1997.11,1151.44,1864.78,994.44,2091.11,3187.44,769.44,2013.11
Peptide_095,1832.67,840.00,3229.00,2497.67,1586.00,1292.00,1163.00,3622.00,5397.67,3891.33,2585.00,5861.00,1691.33,500.33,1206.33,1959.00,3109.33,2008.33,3649.00,754.67,1740.33,226.00,1286.67,1968.00,1345.00,2156.00,1029.00,2203.33,1832.00,454.67,1211.67
Peptide_096,1371.72,1335.39,2244.39,1731.72,1032.39,1840.72,752.56,3052.39,4699.39,3559.39,1957.72,4192.06,1997.72,655.72,2510.72,2023.39,2237.39,1665.06,1981.72,766.06,1604.39,280.06,1171.72,1278.06,1020.06,1556.72,953.39,2160.72,2987.39,817.06,1782.06
Peptide_097,1482.44,1309.11,3028.11,2128.11,1351.44,1677.78,829.78,3345.44,5795.78,4144.11,2455.78,4254.78,2400.11,811.11,2081.11,2230.78,2985.11,1891.44,2991.44,849.11,1723.78,274.11,1196.78,1299.78,1297.78,2321.78,1140.11,2345.11,3164.78,812.44,2003.78
Peptide_098,782.33,724.67,1016.33,645.67,502.67,1000.33,748.33,2403.00,2468.67,2348.00,998.00,1818.33,842.33,283.00,867.33,1001.00,901.00,646.00,861.67,302.00,539.00,142.33,774.33,504.67,648.33,844.67,451.33,1236.00,1177.00,700.33,1348.33
Peptide_099,1231.81,1444.14,1980.47,1309.14,931.14,3577.14,958.81,4001.47,5164.81,3129.47,1447.14,3087.47,1827.14,623.81,2245.14,1922.14,1939.14,1242.81,1765.47,591.14,1215.47,271.47,1019.81,997.47,990.47,1280.47,812.14,1892.81,2787.47,702.14,1634.14
Peptide_100,1183.81,1250.81,1860.47,1231.81,800.81,1518.14,810.47,2381.14,3058.81,2524.81,1236.14,2831.81,1672.81,611.47,2290.47,1834.81,2000.81,1288.81,1775.81,595.81,1125.14,262.47,920.81,797.14,823.14,1095.81,721.81,1741.14,2875.81,690.47,1683.81
Peptide_101,4183.00,4930.67,5214.33,2997.33,2562.33,4217.67,2313.67,4925.33,8899.00,12067.33,5223.33,11918.00,12840.67,2606.00,21627.00,5293.33,6833.67,3231.33,3541.00,1608.00,4644.00,560.67,1686.00,4370.00,2954.67,4406.67,2446.33,6814.00,11284.67,7282.67,15984.00
Peptide_102,1613.28,1915.61,2829.61,1921.61,1181.61,2550.28,1161.28,3089.28,4263.61,3366.61,1691.61,4153.61,2398.28,762.94,3658.94,2277.61,2905.28,1837.28,2388.28,741.61,1524.94,304.28,1366.61,1520.28,959.61,1717.94,1081.94,2253.61,4024.61,1364.28,2957.94
Peptide_103,2245.06,2549.06,3196.72,2213.72,1337.06,2782.06,1285.39,3651.06,6014.06,5359.72,2307.06,5711.06,4289.06,1232.39,6575.06,2863.72,3589.72,2098.06,2078.39,964.72,1984.06,338.39,1284.39,1864.72,1356.72,2241.06,1265.06,3017.39,5328.39,2965.72,5404.06
Peptide_104,2953.28,3865.61,4220.94,2660.28,1366.61,3831.61,1153.94,5060.94,8056.61,9665.61,4187.61,9614.28,5640.94,1540.61,12467.28,3748.61,4501.28,2584.61,2334.61,1291.94,3368.94,498.94,4376.28,3135.94,1979.61,2625.61,1787.28,6014.61,7092.61,3220.94,6514.28
Peptide_105,2558.89,3014.56,3532.56,2183.56,1651.89,2927.89,1800.22,4099.56,6287.89,5605.22,2599.56,7775.56,4566.56,1385.56,6111.56,3078.56,4145.22,2282.89,2357.56,1075.56,2463.56,357.89,1172.56,2567.56,1579.89,2463.56,1632.56,3097.22,5233.89,3464.22,5329.89
Peptide_106,2755.94,3271.61,3486.61,2296.94,1346.94,3695.61,1700.94,5004.28,7558.28,7066.94,3120.28,7845.61,6495.61,1345.61,10203.94,3167.61,4162.94,2339.61,1957.94,1034.61,2917.61,457.94,2677.94,3270.94,1774.28,2127.94,1703.28,4469.28,6456.61,4016.94,7075.94
Peptide_107,2914.94,2869.61,3542.61,2098.28,1252.94,4165.94,1779.94,5442.94,9042.28,7792.28,3498.28,8064.94,9253.94,1371.28,10061.94,3166.61,4177.61,1947.94,1428.28,1112.94,3854.28,452.61,2057.61,2975.28,2052.28,2026.28,1963.28,4636.61,5690.28,2643.28,7293.94
Peptide_108,2799.89,3548.56,4435.22,2722.56,1890.56,5686.56,2069.22,6570.89,12205.89,8916.22,4192.56,9003.56,7050.22,1544.22,10566.22,4004.56,4825.89,2857.89,2350.56,1378.89,4775.56,400.56,1728.89,3974.89,1801.89,3040.56,2443.89,4337.56,8377.56,3333.89,6920.56
Peptide_109,2976.00,3159.67,5057.00,2167.33,1570.67,6157.00,1796.00,7776.33,12041.33,7700.67,3462.67,7807.00,4908.67,1403.33,9890.67,3995.33,3773.33,2388.00,2346.33,1184.33,3418.33,430.33,1918.67,2033.17,1791.00,2534.00,1832.00,4167.00,5697.00,2727.33,5150.67
Peptide_110,1135.64,1151.64,1730.64,1076.64,815.31,1899.31,1093.64,3593.97,4584.31,3365.31,1655.64,2948.64,1387.97,446.64,1732.97,1497.31,1585.31,1130.31,1518.64,535.31,1090.97,232.31,1135.64,802.64,916.97,1119.31,736.97,1674.31,1906.31,693.97,1322.31
Peptide_111,1249.28,1271.61,1989.94,1346.61,941.28,1464.61,864.28,2690.28,4106.61,2931.28,1633.28,2805.28,1823.94,640.61,2478.61,1802.61,1995.94,1327.28,1722.61,610.61,1189.28,246.94,1088.28,894.78,953.28,1300.28,819.94,1981.94,3094.94,733.28,1573.94
Peptide_112,1580.83,1581.50,2438.50,1738.50,910.83,1710.17,907.83,2705.83,3388.50,2562.83,1287.83,2772.83,1686.17,606.17,2673.17,1843.17,2865.17,1646.83,1824.17,654.50,1348.50,267.17,1024.50,1279.67,868.83,1547.17,825.50,1765.50,2999.50,879.50,1863.83
Peptide_113,2258.89,2969.56,3593.22,2329.89,1223.22,5857.89,1276.22,9105.22,9022.89,3503.22,1614.22,3250.89,2190.89,821.56,4485.22,2378.89,4394.89,2225.22,2292.89,714.89,2128.56,409.89,2063.56,2768.56,1176.89,1987.56,1208.89,2387.89,4428.22,36321.56,2518.22
Peptide_114,2387.67,3046.00,3407.67,2197.00,1162.67,4745.00,1518.00,9425.67,7295.33,3173.33,1460.67,2843.67,2431.33,772.00,4214.33,1985.33,4118.00,2136.67,7137.67,615.33,2019.67,423.00,2239.67,2573.00,1096.67,1803.33,1131.00,2304.00,4756.67,1922.00,2619.67
Peptide_115,3631.78,3866.11,4723.11,2922.78,1590.44,7569.11,2113.11,12503.78,11650.11,5228.11,2530.78,4889.44,3362.78,1260.11,5966.44,3290.44,5552.78,3229.78,2835.11,874.11,3097.44,381.78,2289.78,3718.11,1561.11,2931.44,1622.44,2699.78,5236.78,2159.44,3091.78
Peptide_116,1696.17,1479.17,2915.83,2123.83,1307.17,1528.50,1056.17,2707.83,3856.50,3178.50,1932.50,4588.50,2154.83,653.83,2579.50,2018.83,3181.83,2127.50,2686.17,918.50,1638.83,247.50,1067.50,2005.50,994.17,2406.83,1024.83,2218.50,3437.83,871.50,2171.83
Peptide_117,1783.67,1675.67,2901.33,1734.67,1150.00,1779.00,1079.00,2841.67,4013.67,3370.67,1907.00,4770.33,2165.67,775.00,2835.33,2235.00,3284.00,2175.67,2446.33,823.67,1794.00,278.00,1143.00,2194.67,1037.67,1839.67,997.33,2226.00,3585.67,912.67,2223.67
Peptide_118,2140.56,2217.22,3266.22,2378.56,1353.89,3064.89,1403.89,4544.56,6550.89,4478.56,2278.56,5584.56,2973.22,1067.56,4850.22,2711.56,3899.89,2479.56,2460.89,1017.22,2174.89,347.89,1231.56,2865.56,1263.89,1909.22,1391.22,2709.56,4910.56,1784.56,3668.56
Peptide_119,2204.89,2197.89,3282.89,2131.89,1393.22,3557.56,1217.06,4590.56,7678.22,5489.89,2542.22,5887.56,5190.22,1265.22,6518.22,2741.89,3623.89,2031.56,1842.22,995.22,2488.89,330.22,1339.22,2901.89,1509.56,1940.22,1569.22,3013.56,7595.06,2641.89,4471.56
Peptide_120,2133.83,2363.83,3304.17,2269.83,1618.50,4006.50,1761.17,4970.83,7616.83,6381.17,2835.50,7095.83,4451.50,1207.50,7752.83,3023.83,3898.17,2255.17,2132.50,1118.17,2768.17,419.83,1706.50,2262.83,1524.17,2399.50,1921.50,3259.50,5573.17,3166.17,5654.83
Peptide_121,3076.11,3450.78,5064.78,2528.78,1604.44,8303.11,1971.11,8735.44,13890.78,9275.11,3636.44,8544.78,5970.78,1465.78,12204.78,3469.78,4653.44,2402.44,2222.44,1212.11,2985.78,486.11,2650.78,2827.61,1811.11,2461.11,2075.78,4426.44,10232.61,6662.44,8049.11
Peptide_122,2837.89,3540.89,3970.56,2234.22,11280.22,7290.22,1521.89,13703.89,12369.89,3575.22,1791.56,4375.22,2894.89,865.56,4036.56,2291.56,4724.22,2105.89,2117.22,802.22,1920.56,331.89,1363.56,3445.56,1122.56,1719.89,1560.56,2095.56,5653.89,2702.22,2874.22
Peptide_123,1661.72,2170.06,2493.06,1542.06,1263.39,3491.06,1030.72,4939.39,5607.39,2927.39,1442.72,3058.06,1834.72,650.72,2964.06,1938.39,2802.72,1567.72,1799.72,644.06,1451.06,319.06,1180.39,1940.06,927.39,1287.39,901.72,1907.06,3525.06,1142.39,1980.06
Peptide_124,2276.97,2985.97,3801.97,1844.97,1425.31,9432.64,1774.64,7134.97,11166.31,4167.97,2291.97,4389.31,2390.64,806.97,4214.31,2931.97,4348.64,2684.31,2536.31,710.31,1833.31,371.97,1414.97,1589.14,1384.31,2031.31,853.64,2314.31,3807.64,1388.31,3099.97
Peptide_125,1335.00,1697.67,2022.00,1145.00,717.00,4004.33,943.67,4130.67,6333.00,3270.00,1381.00,2920.00,1680.33,667.67,2975.67,2125.33,1781.00,1361.33,1362.00,480.67,1239.33,296.00,1095.00,1245.67,724.33,1210.00,887.00,1657.33,2415.33,1168.67,1593.67
Peptide_126,1571.44,1316.44,2304.44,1576.11,1062.78,1696.78,688.11,3197.78,4591.78,3655.78,1920.44,3397.44,1995.11,694.11,2268.78,2158.78,2310.44,1833.78,2181.11,740.44,1701.11,217.78,1256.78,1214.78,1074.44,1750.78,988.44,2219.44,3810.44,858.44,2035.44
Peptide_127,1956.89,1973.89,2956.56,2029.56,1216.89,2979.22,1144.56,3966.22,5871.56,4084.56,2103.22,4792.22,2803.89,997.56,3431.22,2589.89,3342.22,2091.56,2164.22,911.56,2074.89,309.89,1138.56,2334.89,1212.22,1964.22,1175.89,2392.89,4229.56,1278.89,3012.22
Peptide_128,2908.06,2991.72,3939.06,2438.72,1432.39,6336.72,1538.06,7623.72,11428.06,6016.39,2827.72,7244.06,4211.39,1179.72,6815.06,3217.72,3965.06,2722.72,2462.72,1002.39,3116.72,374.72,1988.39,3200.72,1432.72,2406.06,1696.72,3265.72,5399.39,15247.06,4002.39
Peptide_129,1926.78,1521.11,2676.78,1761.11,1237.78,1585.44,1131.78,3019.44,5090.44,4563.11,2401.44,5158.78,2654.11,866.44,3104.78,2375.78,2814.11,1979.78,2959.11,874.78,1779.44,286.44,1191.78,1821.78,1227.11,1901.11,1094.78,2632.11,3397.11,1130.44,2614.78
Peptide_130,1379.11,1056.78,1827.78,1203.44,975.44,1558.44,985.44,3836.44,5067.44,3622.11,2015.44,3611.44,1723.78,518.11,1291.78,1613.44,1758.78,1292.78,2456.78,719.11,1322.11,235.78,958.11,1184.11,993.11,1414.44,829.44,2039.11,2473.11,455.78,1153.11
Peptide_131,1993.00,2350.67,3693.33,8333.33,1374.00,5518.33,1503.67,8015.00,11006.67,4726.00,2363.33,5498.33,4035.33,985.00,4760.00,2520.67,3800.00,2159.00,2096.33,913.33,2711.67,365.67,1546.67,2585.33,1325.67,1702.67,1375.00,2638.00,4149.33,1427.67,3080.00
Peptide_132,1467.44,1285.44,2281.78,8021.11,1279.11,1891.78,1223.78,3242.78,4634.11,3760.11,1966.44,4598.78,2083.44,792.11,3967.44,1961.11,2515.44,1621.44,2037.11,835.78,1779.11,293.11,1724.78,1415.94,1056.78,1542.11,1043.78,2166.11,2895.78,725.44,1964.44
Peptide_133,3575.50,3276.17,4543.17,8251.50,1761.83,6885.50,2600.50,8514.50,12130.50,6872.83,2763.50,6820.17,3546.17,1483.83,8561.17,3759.50,4287.17,2639.50,2609.83,1129.17,3925.83,511.50,2479.17,4275.83,1817.50,2243.50,1987.17,3185.50,3921.50,3369.17,4702.83
Peptide_134,3465.22,2713.89,4499.89,2353.22,1901.56,3722.22,1899.56,5159.22,8370.89,8615.56,4375.56,10879.89,5161.89,1260.22,9522.56,3790.89,4928.22,2976.22,3587.22,1395.22,4342.56,472.89,1889.89,2889.56,2509.89,3494.89,2170.89,4043.56,4502.56,1833.56,5887.56
Peptide_135,3549.33,3456.00,3733.33,1931.00,1663.00,3202.00,1816.67,4604.33,6484.67,8993.00,3462.33,9093.33,7441.33,1555.00,9920.00,2851.67,4365.67,1893.00,2129.67,1324.67,4009.67,485.00,1690.67,2754.67,2500.33,2925.67,1849.67,4311.67,5355.00,2382.67,9345.33
Peptide_136,2064.50,2469.83,2827.83,1772.17,1278.17,2455.83,1204.50,3257.83,4571.17,5238.83,2193.17,5180.50,4550.83,1129.83,6991.50,2466.50,3244.17,1714.83,1880.83,866.17,2300.50,317.83,1776.50,2654.17,1405.50,2232.83,1297.17,3324.17,5024.50,2398.17,6120.50
Peptide_137,1481.28,1566.94,2331.61,1723.61,1024.61,2142.61,889.94,3054.28,4145.94,3136.94,1534.61,3380.94,2298.28,751.28,2940.28,2080.94,2947.28,1533.61,1926.94,703.94,1373.61,291.61,1089.28,1886.94,931.61,1641.28,965.61,2192.61,3647.94,1152.94,2443.61
Peptide_138,2875.72,2874.06,3573.72,2288.39,1352.06,5221.39,1560.72,6386.06,9076.06,7024.06,3007.06,7059.06,5075.39,1170.39,9294.72,2855.39,4088.39,2100.06,1815.39,972.39,2685.72,457.39,1725.06,2720.72,1736.72,2301.39,1556.72,3199.72,5543.06,2949.39,6880.06
Peptide_139,2628.50,2363.83,3265.83,2083.83,1437.17,2803.17,1257.50,4056.50,5160.17,5401.83,2593.83,6282.17,2763.83,709.83,3711.17,2150.17,3862.50,2097.83,2170.17,859.83,2305.17,311.17,1170.17,2121.83,1773.83,2483.50,1383.50,2519.50,3286.83,1573.83,4277.50
Peptide_140,1366.94,1035.94,2219.28,1406.28,909.28,1196.94,786.61,2506.28,3541.61,2983.94,1802.61,3330.28,1218.28,384.61,1648.28,1359.94,2285.28,1618.28,2069.61,596.28,1200.28,232.28,1156.28,1226.28,972.28,1741.61,780.61,1589.28,1726.94,493.94,1129.61
Peptide_141,1859.17,1300.17,1806.17,1415.50,816.83,1643.17,1052.50,5351.17,4131.83,4142.83,1645.50,2897.17,1573.50,589.17,1904.17,1797.83,2080.50,1393.50,1723.50,630.50,1153.50,240.83,1430.17,1265.83,983.17,1162.83,787.50,9360.83,2076.83,680.83,1476.50
Peptide_142,1597.67,1632.00,2239.33,1345.33,775.33,2134.00,992.00,5876.00,4318.67,3782.33,1323.33,3091.67,1518.00,604.33,2636.00,1640.33,1952.00,1501.33,1605.67,579.00,1508.67,299.00,1751.33,1481.33,1267.00,1026.67,771.00,60414.00,2033.00,848.33,2090.00
Peptide_143,1462.94,1598.61,2662.61,1998.94,1145.28,2935.94,1303.61,4235.28,6264.61,3891.28,2297.94,4972.28,2419.28,786.28,3835.28,2330.61,2849.94,2010.61,2253.61,854.61,1880.94,312.28,1407.28,1781.11,1080.61,1727.28,1215.61,2226.94,3867.94,1185.28,2606.94
Peptide_144,1536.28,1713.61,2789.61,2050.61,1201.28,2707.94,1274.61,3863.94,5046.61,3492.61,1805.28,4464.61,2374.61,829.28,4225.61,2874.94,2862.94,1786.28,2133.28,793.28,2302.61,374.28,1746.28,1981.94,1077.28,1522.28,1034.28,2445.61,4137.28,1073.28,2582.94
Peptide_145,2126.50,2317.17,3303.83,2211.17,1468.83,3901.83,1527.50,4873.50,7047.17,4666.83,2214.17,5686.50,3075.50,960.50,4674.83,2822.83,3534.50,2058.17,2344.17,916.17,2548.83,329.17,1369.17,2591.50,1367.17,2167.50,1462.50,2743.17,4574.83,1511.17,3357.17
Peptide_146,3917.39,4502.06,5878.72,3246.06,2324.72,5297.72,2381.06,6087.39,10029.72,8474.06,4354.06,11401.72,7951.06,2087.06,16001.72,4949.39,6560.72,3128.72,3142.39,1721.39,5052.39,567.72,1888.39,4299.06,2585.39,3920.39,2519.39,6014.06,9202.72,4503.06,11320.06
Peptide_147,2842.67,2390.00,5348.33,3501.33,2037.00,1856.00,1898.00,3404.67,6170.33,5203.33,3368.00,6352.00,3867.67,1377.00,2886.33,3675.67,5547.00,3780.00,5209.67,1276.67,2979.33,1884.00,1474.00,2469.50,1538.67,4082.33,1593.33,3235.00,5062.67,1629.00,3905.00
Peptide_148,2825.56,2739.89,4176.22,2499.22,1881.22,3244.89,1743.22,4028.22,7121.56,5702.22,3029.56,6589.22,4420.22,1361.56,5637.22,3716.89,4992.89,2867.89,3488.56,1142.89,2724.56,353.22,1432.56,3590.56,1595.89,3193.89,1619.22,3497.89,5846.56,2580.22,5800.89
Peptide_149,2541.28,2010.94,3599.61,2935.94,1743.94,2344.28,1507.94,3809.28,6537.28,4916.28,2751.94,5775.94,2874.61,1023.94,2704.61,2955.61,4591.28,2949.94,3749.61,1040.61,2574.94,281.28,1338.61,1677.44,1422.61,2781.94,1380.94,2886.94,3820.61,1091.94,2511.61
Peptide_150,1987.50,1522.83,2887.17,2241.17,1486.83,1964.17,1262.17,3604.17,5837.17,4181.50,2263.83,4529.17,2805.83,903.50,2538.17,2275.17,3368.50,2156.50,2989.83,911.17,1904.50,294.50,1212.83,2096.17,1329.50,2784.50,1099.83,3063.83,3304.17,1147.17,2468.83
Peptide_151,1469.78,907.44,1599.78,1105.44,1016.78,1309.11,837.44,4143.78,3910.78,3484.11,1519.78,2953.78,1220.11,380.44,1389.11,1227.44,1448.44,1233.78,2979.44,601.44,1057.44,207.11,1365.44,1235.44,1093.78,1828.11,720.11,1709.78,2107.78,548.11,1102.44
Peptide_152,2725.33,2075.33,3080.67,2057.33,1349.00,3963.67,1368.33,5486.00,7579.33,5605.00,2402.33,5217.67,3046.67,1006.33,3801.67,2259.33,3753.33,1928.33,1843.67,920.67,2477.67,262.67,1699.33,1937.67,1486.00,2165.67,1293.33,2509.67,4147.67,1378.00,3485.67
Peptide_153,2255.11,2695.11,3045.78,2048.78,1277.78,3712.44,1533.44,5200.78,7278.11,5169.78,2525.44,5763.78,4870.11,1107.44,7649.78,2701.44,4127.78,2147.11,1992.11,892.44,2447.78,377.78,1141.78,2495.78,1462.78,2286.78,1377.44,3440.44,5192.44,2545.44,4770.78
Peptide_154,1989.50,1969.17,3254.50,1680.83,1285.17,3188.50,801.00,4152.50,6529.50,4403.50,2364.50,4523.17,3160.83,1121.83,4208.83,2833.83,3481.83,2100.50,1750.50,1027.83,2417.50,305.50,1380.17,2096.50,1262.83,1971.50,1130.17,2682.83,4408.50,1751.83,3770.17
Peptide_155,3519.83,4116.83,4907.83,2831.17,1820.50,7405.50,2591.50,8755.83,14980.50,12076.83,4559.50,11839.50,8754.83,1891.50,15724.17,4947.50,5520.83,2808.83,2347.17,1400.83,4591.17,446.50,3962.17,3222.83,2244.17,3042.17,2578.50,6698.17,9292.17,5411.83,8871.50
Peptide_156,2883.83,3587.50,4207.50,2373.17,1434.83,7764.50,1856.50,9064.50,13354.17,7920.83,2979.83,7299.50,5081.50,1302.17,10518.50,3641.17,4190.50,2317.50,2139.17,960.83,3054.50,377.83,2499.50,2317.00,1575.17,2166.50,1742.17,4134.17,6736.50,3040.50,5679.50
Peptide_157,2594.56,2846.56,3995.56,2272.89,1481.22,6363.56,1778.22,7019.56,10872.56,6116.56,2687.56,6113.89,4056.56,1125.22,6715.22,3323.56,3967.56,2335.89,2156.56,911.56,3129.56,384.56,1320.56,3090.56,1305.89,2272.22,1664.56,3130.89,5518.22,2610.89,3499.22
Peptide_158,3275.72,3628.72,4758.72,2572.06,1885.39,6362.39,2143.39,6763.72,11514.06,7298.39,3603.06,8928.72,5341.72,1552.72,8964.39,4103.39,5237.06,2987.72,2900.72,1315.06,4194.39,420.72,1547.39,3737.72,1687.39,2896.72,2056.39,4000.72,6313.72,2745.39,5533.06
Peptide_159,2962.94,2763.94,4117.94,2385.61,1801.28,2499.28,1695.61,4041.28,6797.28,6874.94,3653.94,7376.28,4665.28,1193.61,7218.28,3299.94,4554.61,2868.28,3287.94,1260.28,3432.94,408.94,1490.94,1852.28,1920.94,3147.28,1744.61,3813.61,4996.61,1744.28,4940.94
Peptide_160,1888.25,1760.25,2653.58,2022.58,1363.25,1755.92,1119.25,3114.92,4707.25,3091.25,1679.58,3836.92,2773.92,895.58,2981.58,2355.58,3074.58,1920.25,2319.58,747.92,1591.58,277.58,1137.58,1527.75,1180.58,2038.92,1062.25,2441.25,4012.25,1151.25,3409.25
Peptide_161,1665.06,1908.39,2677.72,2007.06,1251.06,3186.39,1212.39,3453.72,4796.06,3394.72,1769.39,4293.72,2472.72,958.06,3652.06,2353.72,3063.72,2064.39,2195.06,880.39,2258.39,441.39,1718.06,2998.06,977.39,1785.72,1038.72,2596.06,4338.06,1310.06,3003.39
Peptide_162,2629.39,2104.72,3645.72,2936.39,1946.72,1704.39,1588.39,2904.06,6349.72,4990.39,2857.72,6882.06,3675.39,1305.39,3697.72,3250.72,5156.39,3097.72,4176.72,1275.06,2242.72,267.06,1274.06,3283.06,1494.06,4050.72,1469.39,3420.39,5141.06,1662.39,3969.72
Peptide_163,1989.72,1971.72,3015.06,2144.39,1380.39,2425.72,1250.06,3507.06,5686.06,4120.39,1931.39,5556.06,2736.06,974.72,3259.39,2431.72,3765.06,2111.72,2468.39,947.06,1919.39,287.39,1121.72,2614.39,1180.39,2313.72,1216.39,2469.39,4630.39,1545.72,3182.06
Peptide_164,2294.69,2682.69,2667.03,2683.69,1538.03,4010.36,1670.36,4730.69,7925.36,5149.69,2423.69,6797.36,3753.69,1166.69,5113.36,3352.36,4261.36,2332.36,2537.69,1116.69,2382.69,326.36,1292.36,3237.03,1272.03,2446.03,1431.69,3746.03,5610.36,2462.36,4162.03
Peptide_165,3098.06,3426.39,3967.72,2801.39,1822.39,4413.39,2080.72,5041.72,9124.72,7663.06,3394.39,8362.06,5537.39,1455.39,8311.06,3824.06,4788.39,2723.72,2703.39,1240.39,3462.72,379.39,1666.72,3527.39,1780.72,3215.39,1898.39,3984.72,6323.06,3051.72,5298.39
Peptide_166,5104.06,5126.39,7636.39,2804.06,1758.06,11187.39,2519.06,13014.39,25186.39,16436.72,6497.72,15169.39,11172.39,1938.39,23044.39,6105.39,6881.39,3916.06,2188.39,1530.39,6700.72,610.39,5060.39,4606.06,2529.39,3635.06,3176.06,8357.72,10129.39,6383.39,12238.72
Peptide_167,2882.33,2370.67,4984.33,3230.67,2270.67,3031.67,2237.33,4934.33,7840.33,7245.00,4000.00,9216.33,4494.67,1567.67,5227.67,4194.33,5174.00,3672.00,4987.33,1424.67,3497.33,340.00,1621.00,3220.83,1802.67,3369.67,1902.67,3721.67,5526.67,2419.67,4366.33
Peptide_168,1710.50,2109.17,3008.50,2164.17,1354.50,2495.17,1434.83,3808.83,5527.17,4005.17,1896.83,5042.50,2583.83,939.17,3505.50,2612.17,3049.83,1972.50,2510.50,868.17,2034.17,275.50,1067.83,1845.33,1271.83,1989.83,1188.50,2450.50,4261.50,1342.17,2746.17
Peptide_169,2061.72,2330.06,3549.06,2305.39,1602.06,3597.72,1472.06,4833.72,7754.72,4993.72,2338.72,5488.72,3290.06,1073.39,4050.72,2919.72,3778.39,2293.39,2581.72,861.39,2310.39,350.39,1226.06,1786.06,1242.06,2215.06,1404.72,2708.06,5227.06,1405.06,3012.72
Peptide_170,2018.72,2092.72,3171.39,1873.72,1329.06,3369.72,1184.39,4409.39,8073.72,4939.39,2401.72,4751.39,3109.06,1065.39,3745.06,2855.72,2766.06,2126.39,2235.39,878.72,1924.39,361.39,1314.72,1142.39,1169.72,2030.72,1161.39,2825.72,4711.06,1331.06,2411.06
Peptide_171,987.33,1244.00,1637.00,1351.00,685.33,1810.33,679.00,2457.33,3690.33,3078.67,1603.67,2417.33,1286.00,456.33,2048.00,1070.33,1483.00,1056.67,1014.67,551.33,959.33,244.00,1268.33,1083.67,684.67,905.67,659.00,1377.33,1672.00,1029.33,1210.67
Peptide_172,3158.72,3783.72,4603.72,2761.39,1577.06,6652.06,2061.39,7713.06,15984.06,8454.72,3975.72,6641.06,4739.39,1407.39,7819.39,4841.72,4211.39,3500.72,3284.72,1272.39,3350.72,372.06,2278.06,3497.06,1617.06,3045.72,1746.39,4530.39,5624.39,3542.06,4281.06
Peptide_173,3467.39,3669.39,4413.39,2938.39,1762.39,5542.39,1946.06,7232.06,13666.72,9054.72,3943.39,7905.39,6186.06,1730.06,11171.39,4796.39,4830.06,3424.72,2954.06,1289.72,3795.06,408.39,2208.39,2651.56,1761.06,3899.06,1792.72,4617.06,6761.39,4801.72,5184.06
Peptide_174,1976.78,1368.44,3191.11,2161.44,1256.78,1605.78,918.11,3416.78,5611.78,4555.44,2531.78,4159.11,1768.44,605.44,2572.11,1518.11,2889.78,2203.44,2282.78,905.44,1910.78,378.44,1235.44,1262.44,1365.11,2702.11,1113.11,2697.11,2774.11,773.11,1673.44
Peptide_175,2456.78,1509.44,3666.78,2578.78,1797.44,1932.78,1623.11,3837.78,6821.78,5229.78,2994.44,6577.44,3098.44,1008.44,2215.11,2750.44,4321.78,2295.44,4476.44,1115.78,1994.78,306.44,1337.11,2410.44,1597.11,2976.44,1369.78,2921.78,4314.78,1275.11,2623.78
Peptide_176,2213.33,1648.33,3325.00,2324.67,1790.00,1986.00,1332.00,3388.00,6157.33,4634.33,2567.00,5138.00,3066.33,988.00,2290.67,2191.00,4290.00,2024.00,3277.00,1036.33,1600.33,314.00,1123.33,2354.00,1454.33,2314.33,1221.33,2652.00,5056.67,1353.00,3041.00
Peptide_177,2016.83,1324.83,3746.17,1847.17,1432.83,2055.17,1477.17,3878.83,6749.50,5439.17,3055.17,6093.17,3234.83,1057.50,2174.17,2823.83,3317.83,2334.17,3248.50,1080.83,2048.83,257.50,1354.50,2104.50,1398.50,2354.50,1162.50,2882.50,4330.83,1075.50,2468.50
Peptide_178,1267.33,897.33,2614.67,1558.33,1133.33,1476.67,1144.33,3263.67,5119.67,3992.33,2568.00,4682.00,1961.00,610.33,1772.00,2033.00,1403.00,1950.33,3214.33,835.00,1516.33,224.00,1111.67,1025.00,1102.67,1959.00,847.33,2025.67,2675.33,602.67,1269.67
Peptide_179,1365.11,1437.11,2607.11,1913.11,1174.44,1460.44,1014.78,2859.78,4087.78,3337.44,1911.11,4089.11,2091.78,659.11,2329.78,1898.44,2624.11,1745.44,2360.78,784.78,1571.44,236.44,1089.78,1216.28,1038.11,1971.78,935.11,1980.11,2916.78,781.78,1725.44
Peptide_180,1899.06,1755.39,3040.72,1764.72,1291.39,1571.06,1164.39,2917.72,4050.72,4472.39,2274.39,5279.06,3572.06,636.39,3101.39,1812.39,2667.72,1668.72,2024.39,816.72,2243.39,293.39,1219.06,1361.39,1356.39,1876.39,1232.72,1954.72,3803.06,848.72,2294.72
Peptide_181,1584.06,1897.06,2791.72,1896.06,1208.06,2216.39,1130.72,3231.72,4863.06,3296.39,1764.06,4207.72,2205.72,729.06,3223.72,2281.39,2940.39,1888.06,2154.72,741.39,1826.72,295.06,1110.72,1446.39,1125.39,1578.72,987.72,2180.06,3936.39,1057.39,2459.06
Peptide_182,1656.67,1762.67,2760.67,1923.00,1097.33,1883.67,1137.00,3059.00,4392.33,3727.33,1885.33,4613.33,3208.67,776.67,3137.67,2239.67,3167.67,1746.00,2047.00,771.67,1735.33,294.00,1113.67,1791.67,1120.67,1838.00,1073.33,2283.67,4216.67,1344.67,3363.00
Peptide_183,1673.50,1544.17,2668.50,2150.50,1276.17,1711.50,948.17,2917.83,4485.50,3457.17,1759.17,3961.17,2483.83,742.17,2831.50,2130.17,3218.50,1842.83,2027.83,743.83,1588.83,279.17,1100.17,1253.50,997.17,1852.50,979.83,2042.17,3863.50,1040.50,2486.50
Peptide_184,1807.22,1802.56,2929.56,1834.56,1259.89,3285.56,1322.56,3373.56,5000.89,3578.22,1946.56,4849.89,2748.22,817.89,3402.56,2211.89,3300.22,2031.22,2005.56,878.56,1766.56,292.56,1164.89,1365.72,1042.22,1754.56,1121.56,2139.56,4143.89,1367.89,3308.22
Peptide_185,2636.00,2579.67,3346.67,1886.00,1400.00,1951.33,1268.33,3226.33,4593.33,5754.67,2608.00,7748.33,5460.67,1055.67,6502.67,1991.67,4275.67,1775.67,1760.67,1031.00,2574.33,400.00,1239.67,2071.00,1811.00,2288.00,1443.00,3403.00,5052.67,2222.67,6886.00
Peptide_186,1763.33,1758.67,2446.00,1734.00,1266.00,2118.00,1002.67,3342.67,4731.67,3513.00,1753.67,4576.00,3307.00,811.67,2753.33,1667.00,3075.67,1350.33,1864.33,859.33,1601.00,275.33,905.00,1516.67,1205.00,1714.67,1009.00,2198.67,3849.67,1063.67,3347.00
Peptide_187,2589.94,2596.28,3324.94,2267.28,1479.61,4432.61,1431.61,5295.28,8185.61,5312.94,2408.28,5988.61,5246.61,1170.61,6692.28,2758.61,4277.94,2086.28,2112.28,1004.94,2487.28,390.61,1313.28,2782.94,1414.28,2344.94,1508.61,3216.61,5575.94,2513.61,5185.28
Peptide_188,2136.28,2178.28,3069.61,2224.94,1396.61,2685.28,1294.94,4206.61,5735.61,4301.28,2063.28,4534.28,2813.28,793.94,3596.61,2286.61,3499.94,2058.61,2270.94,915.94,1995.94,308.61,1136.94,2401.61,1228.28,2023.94,1214.94,2547.94,4467.61,1437.61,3038.61
Peptide_189,1851.39,1638.72,2909.06,1719.72,956.39,2630.39,812.39,3762.72,5747.39,3564.06,1751.39,4494.39,2415.72,772.39,3245.72,2256.39,2943.39,1993.06,1931.06,830.72,1881.39,284.72,1360.06,2074.39,1033.06,1719.39,990.72,2248.72,3685.39,1164.39,2340.72
Peptide_190,1955.31,1878.31,2854.97,1909.64,1163.97,3727.31,1509.64,4852.97,6794.31,4211.64,1979.97,5478.64,2566.31,878.64,3745.64,2641.97,3255.64,2114.31,2101.31,865.31,2058.31,317.64,1384.64,2004.64,1061.31,1737.64,1265.97,2132.64,3807.97,1283.97,2843.97
Peptide_191,1576.78,1889.78,2189.78,1966.78,1203.78,2836.78,1266.78,3966.78,5460.44,3539.44,1851.78,4461.44,2343.11,765.11,3542.78,2260.78,2571.44,2076.78,2224.11,835.11,1926.11,310.11,1120.11,1586.28,1067.78,1780.11,1141.78,2171.78,3546.78,1079.44,2308.78
Peptide_192,3451.89,3809.22,5133.56,2653.56,1571.89,13185.22,2673.56,13933.56,21807.22,9131.22,3903.89,8565.56,8207.56,1535.56,14927.89,4973.22,4883.56,2937.89,2115.89,837.89,4240.89,428.89,1857.56,2546.39,1667.22,2653.89,2149.22,5389.22,8279.89,4694.56,7428.22
Peptide_193,4570.56,4057.89,6315.56,2786.22,1171.56,28778.22,4406.56,29226.56,50899.22,11662.89,4490.56,9291.22,8438.22,1228.89,17410.56,7093.56,6257.56,3373.22,1682.56,-446.78,5015.56,-519.78,1642.56,5672.22,751.22,2450.89,2153.56,6130.56,6961.89,5079.56,5523.22
Peptide_194,5734.11,5934.78,8642.11,4953.44,2149.44,25810.44,4444.44,35000.78,44841.44,9998.11,4800.78,9218.44,9604.11,2717.78,13721.11,6810.11,10019.78,4551.78,3483.11,744.78,6614.78,-25.22,2244.44,6518.11,1532.11,4135.78,3479.44,7797.44,9213.78,6710.44,5813.44
Peptide_195,4463.64,4461.31,6878.64,4598.97,3697.31,15133.31,4357.31,19853.64,30630.97,8527.31,3452.31,9420.64,7350.97,1802.31,8852.97,5229.64,7612.97,3232.97,2684.64,1371.31,6082.97,533.97,1813.31,3911.31,1897.64,3468.97,2451.97,4673.31,7875.97,3933.64,7987.31
Peptide_196,1598.61,1258.61,3102.28,2591.61,2698.28,1496.28,3266.28,2894.61,4764.61,4034.61,2033.94,4330.94,2667.61,979.61,2104.61,3817.28,2692.94,1744.28,2594.94,1079.28,2062.61,262.61,1150.28,1650.94,1242.28,1587.94,1136.94,2370.94,4118.61,981.94,2697.28
Peptide_197,2127.00,1660.67,3290.00,2237.33,1629.33,1742.67,2816.00,3157.33,5425.33,4361.33,2319.00,5854.67,3151.33,1082.67,3165.67,3139.00,5461.00,2202.00,2982.67,1109.33,2199.33,286.00,1255.00,2331.67,1330.00,2111.33,1266.67,3418.67,4528.00,1383.67,3368.00
Peptide_198,1881.50,1622.50,2961.50,1964.50,1227.17,1514.17,1072.83,2771.50,4014.83,3484.17,1991.17,5150.17,2649.83,864.50,3071.83,1720.17,3552.83,1861.83,2346.50,961.83,1710.17,267.50,1265.50,1462.67,1095.50,1856.50,1114.50,2336.50,3788.83,1017.83,2572.17
Peptide_199,1748.06,1636.72,2801.06,1924.39,1167.39,1616.72,1182.06,2840.72,4012.06,3385.39,1902.39,4321.06,2206.06,705.39,2658.06,1884.06,3317.06,1891.06,2674.06,895.06,1520.39,302.72,1104.06,2149.72,1015.72,1823.06,1014.39,2153.72,3400.39,966.39,2148.72
Peptide_200,1656.33,1406.67,2730.33,1784.00,7303.00,1408.00,1090.17,2830.00,3643.33,3801.00,1680.33,3309.33,1889.00,700.00,2366.00,1625.33,2320.33,1773.00,2568.67,782.00,8704.67,259.00,1530.00,1208.67,996.33,1605.00,931.00,2000.33,3062.00,775.33,2024.00
Peptide_201,3921.67,1529.67,4848.33,2936.33,7315.67,1742.00,6191.00,3082.67,6053.00,7592.67,3110.67,7539.00,2703.67,1535.33,2617.00,3342.00,4745.00,3379.67,4558.33,1241.67,13413.67,239.33,1371.33,2784.00,1357.00,3205.67,1508.00,2789.00,3605.00,1101.33,2390.00
Peptide_202,2650.03,1999.69,3985.69,2821.69,2159.36,2301.69,2519.69,3525.69,6647.69,5761.03,2891.36,8146.36,3744.36,1392.69,4059.03,4825.36,5125.36,3211.03,4676.36,1323.03,3806.69,300.03,1406.69,4362.03,1501.03,2980.03,1702.36,3029.69,5338.03,2019.03,4205.36
Peptide_203,1799.17,1896.83,3213.83,2193.83,1554.50,2243.50,1877.17,3418.83,5226.50,4652.50,57575.83,5803.17,2721.17,936.50,3417.17,3559.17,3243.17,2390.17,2783.83,977.50,3120.50,299.83,1313.50,2039.33,1167.83,2395.83,1343.17,2370.50,3921.17,1201.83,2469.83
Peptide_204,1715.06,1613.06,3308.39,1940.39,1339.06,1744.39,1455.72,3273.39,5102.06,4121.72,58128.72,4726.72,2272.72,754.39,3037.06,3097.72,2611.39,2141.72,2665.72,845.72,2248.72,284.39,1169.06,1204.22,1118.39,1747.72,1226.06,2000.39,3292.72,930.06,2036.72
Peptide_205,1287.89,927.89,1960.56,1320.56,823.22,933.22,2009.89,2046.56,2375.56,2449.22,62089.56,2595.89,1456.22,446.22,1999.22,1309.89,2201.89,1133.22,6422.89,497.22,1204.56,188.22,1230.22,876.22,804.56,1138.89,7698.89,1340.56,2310.89,578.22,1374.89
Peptide_206,1254.67,1019.00,1880.33,1447.67,797.67,923.00,1854.00,2114.33,2772.33,2416.33,1218.00,2785.33,1422.00,425.33,1717.00,1106.00,2235.67,1198.00,3723.33,554.00,1137.67,205.67,1221.67,1143.33,791.00,1233.67,6302.00,1411.00,2270.00,639.67,1448.33
Peptide_207,1405.72,1293.06,2606.72,1635.72,973.72,1084.39,893.72,2516.72,3371.72,2700.72,1545.39,3396.72,1722.06,628.06,2075.06,1484.72,2451.72,1516.39,2174.72,681.72,1286.72,241.06,1069.39,1534.06,888.72,1427.06,812.06,2207.72,3070.72,769.39,1737.72
Peptide_208,2013.78,1490.44,3247.44,2467.11,1509.78,1368.11,1403.11,2904.78,4598.78,3757.11,2230.11,5268.78,2760.78,921.78,2313.78,2286.11,3572.11,2399.78,4085.78,1005.44,1667.11,260.78,1160.44,2452.78,1185.44,2211.44,1185.78,2342.78,3934.11,959.78,2226.44
Peptide_209,2370.94,1668.94,4166.28,2828.61,1806.28,1560.28,1700.94,3390.94,5644.94,4735.94,2797.61,6202.61,3624.28,1228.28,2699.94,2970.94,4636.28,2871.28,4801.61,1189.94,2229.28,266.61,1234.28,2007.11,1292.28,2590.61,1329.94,3290.94,4341.28,1095.61,2595.28
Peptide_210,2561.44,2538.78,3429.78,2194.11,2459.78,2759.11,1725.44,4327.78,7248.44,6561.78,2855.11,7234.11,6382.78,1320.78,4813.11,13995.44,3940.44,2105.11,3138.78,5631.44,6302.11,323.11,1279.44,3037.78,2092.11,2324.11,11816.11,3195.78,6122.44,2200.78,5815.78
Peptide_211,2678.28,2306.28,3140.61,2163.28,2258.94,4362.61,1784.61,5794.61,7357.28,4345.28,2198.94,9317.28,2835.61,842.28,3792.94,4110.94,3884.28,1866.28,5268.94,3915.61,3435.94,333.61,1309.94,2509.94,2843.61,1783.28,4375.78,3054.61,5933.61,1119.61,2785.28
Peptide_212,2881.44,2015.44,4143.44,2146.11,1850.11,3503.11,1835.11,4681.11,7085.44,5202.78,2788.44,5948.78,3710.11,1084.44,3606.78,4001.44,3662.11,2126.78,2894.11,1263.11,2886.78,361.78,1292.78,1444.44,1379.78,1969.44,7937.44,3019.44,4838.11,6531.44,3087.11
Peptide_213,2218.36,1440.03,2565.69,1180.36,3051.03,1591.03,1703.36,3101.03,5167.36,3626.36,2485.69,4990.36,1928.03,770.69,3143.69,2800.03,1800.36,2147.36,13430.69,675.03,3058.36,222.36,1508.69,1920.19,869.36,1193.36,906.03,1983.03,5506.69,2990.36,1422.36
Peptide_214,1672.78,1254.78,2799.78,1809.78,1257.78,1469.11,1106.44,3127.44,4830.44,3746.11,2239.78,4292.78,2061.11,697.11,2444.78,1931.78,2617.78,2383.11,2947.78,847.78,1673.44,256.78,1289.78,1822.44,958.11,2581.11,933.44,1986.78,2921.11,814.11,1602.11
Peptide_215,1960.67,1618.00,3439.33,2200.33,1494.00,1449.67,1539.00,2887.33,4701.33,3894.67,2361.00,5680.00,2313.67,865.00,2343.67,2521.67,3190.67,2703.00,4040.33,1111.00,1871.33,259.33,1354.67,2058.00,1112.00,2698.00,1115.33,2155.00,2999.33,915.00,1877.00
Peptide_216,1393.94,1538.61,2725.61,1923.61,1248.61,1376.28,1111.94,2771.94,3657.94,3171.61,1858.94,4434.28,1825.28,727.61,2584.94,1973.94,2464.61,2017.94,2612.61,865.61,1600.94,262.94,1179.28,1551.78,1038.61,1883.94,1000.28,1914.28,3248.61,868.94,1901.94
Peptide_217,1725.94,1453.61,2886.94,1989.94,1485.94,1310.94,1310.28,2763.94,3842.94,3418.61,1939.94,5086.94,2076.94,788.61,2599.94,2319.61,2911.28,2202.94,10078.61,901.61,1621.61,263.28,1223.61,2387.28,998.94,2083.94,964.28,2096.61,3412.28,832.61,1761.94
Peptide_218,1437.22,1110.56,2209.22,1420.22,986.89,1129.22,953.22,2711.22,3488.56,2936.22,1628.56,3388.22,1563.56,552.56,2012.56,1428.22,2238.22,1519.22,13643.89,714.89,1248.56,226.56,974.22,1342.56,892.56,1605.56,802.56,1682.89,2611.22,659.22,1464.89
Peptide_219,1991.00,1540.33,2146.33,1173.67,830.00,1046.33,11670.67,2565.67,3418.67,2859.00,1539.00,2675.00,1113.67,391.67,1728.00,3755.33,1999.33,1367.67,1595.00,2335.33,1681.00,205.00,1186.33,900.00,864.00,1358.00,1870.33,1399.67,1803.33,503.33,1258.33
Peptide_220,46501.72,9462.39,30150.39,50267.06,56224.72,18340.72,60076.06,45782.72,37165.72,28272.72,4137.06,8190.72,16369.39,6862.39,61237.06,44771.06,14787.06,7692.06,62139.72,25267.39,51468.72,2310.06,18006.39,15905.72,5100.39,5228.39,22130.72,10094.72,13243.06,10288.39,9254.06
Peptide_221,41588.25,10097.58,27955.25,45540.92,45638.58,25172.58,55852.25,33779.25,48429.92,29626.58,7030.25,8355.58,15827.92,7748.92,58840.25,38465.58,12408.25,7595.58,55966.92,22920.58,45128.25,1716.25,20633.58,14112.25,31195.58,5146.58,27291.92,13671.25,14224.25,13114.92,8957.58
Peptide_222,8346.64,4151.31,7091.64,6544.64,6264.31,9053.97,23661.64,13341.97,11249.31,15217.31,4064.64,5825.31,5926.31,3045.97,25474.31,10441.64,11205.97,3117.97,3144.97,2174.97,5810.31,1428.31,12425.31,8507.64,4604.64,2458.31,55296.31,8273.64,4628.64,2738.31,4880.97
Peptide_223,4557.44,3000.11,10285.44,4066.44,3072.11,2267.44,5573.44,4811.78,7681.78,6947.11,4152.11,8308.44,4323.78,1304.11,6944.44,3387.78,10276.44,4260.11,8202.11,1443.78,3496.44,254.44,2338.44,3616.61,1739.11,4441.78,31349.11,4236.44,4058.78,3582.78,4986.11
Peptide_224,3898.78,2650.11,6543.11,4107.78,2205.44,2098.44,2015.11,3421.11,7376.44,63921.11,4009.78,8051.78,5859.78,1644.78,32226.11,6132.11,7081.44,4902.44,5023.11,1345.78,2919.78,266.11,1525.11,4597.44,1505.44,5079.11,2265.11,3054.44,5164.78,1993.78,4198.11
,,,,,,,,,,,,,,,,,,,,,,,,,,,,,,,